{
  "exp3": {
    "status": "complete",
    "model_saved": "brain1_gravity_model_v2.pth"
  },
  "exp5": {
    "grav_final_loss": 0.5436608791351318,
    "spr_final_loss": 7.210452167782933e-05
  },
  "exp1": {
    "composed_mse": {
      "mean": 0.0008305276709410231,
      "std": 0.0003455768393294351
    },
    "baseline_0_mse": {
      "mean": 0.3016155503449479,
      "std": 0.12336083060026076
    },
    "baseline_500_mse": {
      "mean": 0.007483791187718763,
      "std": 0.007548514993715664
    },
    "baseline_2000_mse": {
      "mean": 0.0013765948318198301,
      "std": 0.001090146042082171
    },
    "baseline_10000_mse": {
      "mean": 0.0007733134073547147,
      "std": 0.00021809099416070045
    }
  },
  "exp2": {
    "residual_mse": 0.0006039715663059299,
    "absolute_mse": 0.02858726133929913,
    "ratio": 47.332131070585554
  },
  "exp4": {
    "mlp_shuffled_std": 0.008174094371497631,
    "mlp_sequential_std": 0.014971149154007435,
    "gru_std": 0.07190948724746704
  },
  "exp6": {
    "triple_composition_mse": 0.0007468447827252331,
    "baseline_10k_mse": 0.0007726877698910674
  }
}