{
  "modular_ensemble": {
    "m1": {
      "mean": 2.415820927126333,
      "std": 0.0
    },
    "me": {
      "mean": 0.39515265822410583,
      "std": 0.0
    },
    "mt": {
      "mean": 1176.9531667232513,
      "std": 0.0
    }
  },
  "monolith_fair": {
    "m1": {
      "mean": 0.8650671952636912,
      "std": 0.0
    },
    "me": {
      "mean": 0.5716773271560669,
      "std": 0.0
    },
    "mt": {
      "mean": 280.27016669511795,
      "std": 0.0
    }
  },
  "monolith_elite": {
    "m1": {
      "mean": 0.7352745888056234,
      "std": 0.0
    },
    "me": {
      "mean": 0.5249183773994446,
      "std": 0.0
    },
    "mt": {
      "mean": 243.09299886226654,
      "std": 0.0
    }
  },
  "monolith_rich": {
    "m1": {
      "mean": 1.03352329460904,
      "std": 0.0
    },
    "me": {
      "mean": 0.4131806492805481,
      "std": 0.0
    },
    "mt": {
      "mean": 596.9814583659172,
      "std": 0.0
    }
  },
  "sindy_composed": {
    "m1": {
      "mean": 1.6673692152835429,
      "std": 0.0
    },
    "me": {
      "mean": 0.6325545907020569,
      "std": 0.0
    },
    "mt": {
      "mean": 521.1535841226578,
      "std": 0.0
    }
  }
}